"","live_weight_LW","maintenaince_coefficient_Cfi","milk_yield","activity_coefficient_Ca","growth_coefficient_C","milk_fat","pregnancy_coefficient_Cp","mature_weight_MW","weight_gain_WG","dig_energy","bo","mms_pasture","mms_spread","mms_drylot","mms_solidstore","mms_composted","mms_liquid","mms_biogas","mms_burn","feed_prod_CO2","feed_trans_CO2","kg_FPCM_year","enteric_CH4","enteric_CO2","mm_CO2","mm_CO2_N2O","feed_CO2","on_farm"
"1",291.197175200435,0.35112523709168,3.57685707061821,0.0194373960220323,0.848498673499261,2.07929162837632,0.0332847467332283,366.471323145515,0.134846204524149,58.8877952007918,0.15326651313487,0.0946502124053299,0.0980635164608532,0.0378315012714019,0.543835151675654,0.116730582858898,0.0289269980033746,0.0485693269187414,0.000329109666641995,824.799106512599,5.38868858917628,1307.72161330211,0.00569191563648415,51.9387301829178,3.6454809962564,0.0103777988358003,4444.58553362723,4500.18581452088
"2",283.44012930269,0.350874040389153,3.16245051663516,0.0196517511389192,0.85640892626565,2.1076614913502,0.0329205147485652,368.646693655297,0.139676465673271,58.7571145552476,0.153095293547149,0.0864504972082979,0.101707786723964,0.0338294544644971,0.543340844911257,0.109459538248777,0.0296302762309739,0.0512527095338662,0.000313568265094671,817.733514058376,5.79254281995618,1260.84178312968,0.00550044524544018,50.1915628646417,3.54765496069966,0.00979278106375147,4736.75639549638,4790.51090654803
"3",289.767917980588,0.349721148252299,3.35964679297368,0.0208123540629439,0.852761041703054,2.08798034639291,0.0316878064128216,367.123146618282,0.138246949019463,58.6935341126943,0.153204983178724,0.0908438475083338,0.10657410074621,0.0413815216528613,0.53994778486698,0.114659328173768,0.0266152541481145,0.0506629745979093,0.0008501153310455,813.068663337164,4.92278066946256,1292.20879766828,0.00563197853815093,51.3918041606272,3.58770186742119,0.00975383385763745,4002.55869882195,4057.5535906624
"4",287.412309421288,0.348968047768872,3.36431242767883,0.0203782909158137,0.855831463284191,2.14628532482655,0.0323329186937973,367.130636982203,0.134675650829637,58.7726273134538,0.153111846605533,0.0924027613227727,0.106740918049599,0.0379865510233701,0.571666642536164,0.113517842988999,0.0257447465881121,0.0522626568887626,0.000900149671507281,867.970829309172,3.72035151195994,1274.73450366113,0.00557822681951451,50.9013197280699,3.66883125572525,0.0101857360589448,3229.1565871575,3283.74250210418
"5",291.20584483688,0.349629480553364,3.61946208696103,0.0199709122024415,0.856037343913643,2.10264548588406,0.0334955419060833,368.282059621467,0.136031961258769,58.9382530145391,0.153412701275277,0.0838773488736329,0.0814339017070987,0.0291899869482462,0.565058843112413,0.14008737553511,0.0293953814279285,0.0597048264906997,0.000344896159847044,829.813172014033,5.83725790177439,1246.64455675553,0.00568927588538156,51.9146424541068,3.8279819542071,0.0107272040009796,4843.83349533539,4899.59253622359
"6",284.204446876026,0.349743755414851,3.54915779319493,0.0185634183267459,0.855342340499631,2.15387203167515,0.0327861443123218,368.376192192677,0.138861497177369,58.6784193186395,0.152703195891999,0.0832992111604947,0.101563384026407,0.0322059779456872,0.564728651456742,0.13313328601107,0.0291477669157557,0.0495796528605587,0.000551973123636866,808.107992014766,5.86305316572034,1268.29978530378,0.00564465866889912,51.5075103537045,3.70511683961314,0.0104954004467784,4737.98012082608,4793.20888807852
"7",289.632362831918,0.3504520339288,3.58146585854508,0.0204938193763875,0.848633463936085,2.06621769813505,0.0359751400816354,367.26797652594,0.143074864431261,58.9762978410458,0.153497113348811,0.0901711958710453,0.101462582434891,0.0440521390356571,0.557694830079786,0.127479607094915,0.0264422050003182,0.0564088485290918,0.00100557640309579,862.110068662935,5.52323579680117,1281.60165694777,0.00570517866443351,52.0597553129558,3.75581122646281,0.0116026657386661,4761.63719202184,4817.47006640567
"8",293.42194311177,0.350081991453459,3.4712856087531,0.0194177622674873,0.852610760223447,2.08743580754807,0.0339854841930368,366.358679037218,0.129651672834166,58.8204238368341,0.15255094737686,0.0913566629224437,0.120058912635906,0.0334634366039522,0.543544339191656,0.12442017493946,0.024956744662188,0.0491701432128843,0.000490415643902843,816.939840564787,5.53511529622432,1320.01271057563,0.00565652004275332,51.6157453901241,3.54046364584539,0.010661063275545,4521.85620760521,4577.0287342245
"9",287.916287551784,0.348749885616713,3.62767064472855,0.0185415510404245,0.84873835391856,2.06716363245014,0.0341395583799037,367.626262952184,0.136323011318284,58.7668114582462,0.152638224134983,0.100187518727565,0.105702666961776,0.0387702290977082,0.540236980615469,0.124872638311896,0.0291831114742127,0.0493612068166855,0.000583603545110038,833.122122901755,5.90592548669956,1288.77744406107,0.0056679116683298,51.7196939735095,3.6441219322189,0.0107593466581785,4920.35717917872,4975.73742234277
"10",290.084424714737,0.350125577308212,3.51950791874438,0.017956014315537,0.856826142853263,2.02997539560072,0.0340513982519131,367.307276839616,0.139988437001052,58.5493270343248,0.152943979314693,0.0880384660566654,0.10439353563516,0.0366151171570802,0.569199116901338,0.124326057236822,0.0273770273513084,0.043082587752204,0.000355998686646455,869.067494810045,5.72357155068796,1342.93293304547,0.00571065280366522,52.1097068334452,3.68864699055706,0.0110452009364432,4974.16998892243,5029.98509860017
"11",289.150624668926,0.350681310948991,3.53831084667306,0.0206003697808725,0.853054776334378,2.08137623613482,0.0320818633741225,366.351177813287,0.139911750145574,58.6834475330256,0.153354936545983,0.0995115472329206,0.102027720587678,0.0329937493727094,0.536918125628088,0.128323056900142,0.0296982035087975,0.0553596201400883,0.000707769684031703,813.603007126316,5.09281757850513,1292.65038075852,0.00570675810409057,52.0741676998265,3.74328362935417,0.0101061477610251,4143.53169661753,4199.36496085258
"12",293.165390090713,0.349715761319306,3.63961074829782,0.0203071300529391,0.856281676017505,2.1289563387903,0.0318106597156262,368.895626677441,0.132512071254769,58.9624499266906,0.154014151502123,0.086775766671216,0.0992711411214209,0.0362039581811274,0.549729007311306,0.118052128456225,0.0283459851310806,0.0460114361521422,0.00082356874220435,833.958046344564,5.47102830680184,1354.06370729848,0.00569782429357091,51.9926466788346,3.63864657863669,0.00994801933194803,4562.60807823627,4618.25501733736
"13",290.111840934668,0.349923611719232,3.4556909531351,0.0186986637915474,0.851898643745051,2.1029140895228,0.0333518180053467,366.473063211987,0.140585653971136,58.8642661985338,0.152698510561528,0.100472030283616,0.0894590336502408,0.0364937168885357,0.572161577276703,0.134688437962602,0.0270862455381338,0.0620416746513348,0.000766841739548173,800.66388080483,4.55735121101067,1295.28218323174,0.0056583008004797,51.6319948043772,3.84345521374724,0.0108555962530847,3648.9065067984,3704.39847071358
"14",288.245971051231,0.349736696221507,3.44326043824485,0.0193348361078877,0.859440644994014,2.04589292677371,0.0329157402624336,366.567909047291,0.134498315891243,59.0512106477931,0.152894540186174,0.0960492899302853,0.0989597683844217,0.0396703320154912,0.54352930375515,0.128403714906856,0.0244013116201374,0.0454768967163395,0.00042109196310654,810.185273777902,5.94524981589585,1313.58699969512,0.00555545486747218,50.6935256656836,3.42637573718029,0.0101295834175175,4816.7538497696,4870.88943621075
"15",296.157668534378,0.349352243464644,3.52699543107336,0.0184815669443356,0.85595033087978,2.12382814757954,0.0333318836128318,368.166822051662,0.134004241432681,58.9326798798625,0.153189701196296,0.0956239961454439,0.122353217066664,0.03784794623542,0.538850630431462,0.115289586904773,0.0265981135917638,0.0472629122043647,0.00067059630600188,809.118356054086,5.11090962102462,1242.46495818633,0.0057004682742112,52.0167730021772,3.58052264299297,0.0104742453119558,4135.33079050445,4190.94426086321
"16",291.862413470849,0.350153721246099,3.45733790035925,0.0175943637112843,0.858890969537114,2.08845340581638,0.0324356124356251,367.872649793573,0.13434779018638,58.9654155779731,0.152066602763813,0.0978852655411354,0.10912432296243,0.035780837358812,0.56334231504216,0.1358759935133,0.0258395581171928,0.0539188852749083,0.000696384133847008,828.6680302562,5.35455140881629,1325.10167571648,0.00561805214543127,51.2647258270604,3.65456806141656,0.0104837357380166,4437.14556884936,4492.08096452572
"17",290.648803915893,0.350829315188696,3.49683735273035,0.0196819656269601,0.853271834316057,2.05297960050404,0.0322475680275812,367.695859083762,0.136517281354095,58.6309567251662,0.152778379685606,0.0925804316080334,0.0990935620746504,0.0336675993662693,0.551433918109163,0.12617344145486,0.0250386480470783,0.0468517645627343,0.000453689752496943,844.886149511305,5.25240028828101,1223.93078709918,0.00569230435519858,51.942277241187,3.58538296557426,0.0101622641597436,4437.68025525781,4493.22377003309
"18",291.716842432701,0.35078306763246,3.27565166251638,0.0194319650160871,0.858568295178489,2.07061104017549,0.034361871611773,368.218005003454,0.143805201241692,58.8800235234934,0.153162952244771,0.0922048730022971,0.0944238047599765,0.0331555492768033,0.562821425120629,0.12960149380403,0.0249377090125373,0.0523950074523157,0.00081252266697053,849.945025510041,4.96342261947194,1241.86819837492,0.00563250206569412,51.3965813494588,3.63932553028166,0.0108736846108164,4218.63636492419,4273.68877799061
"19",290.969737864935,0.350095677317869,3.48865377093408,0.0202760266392426,0.850800773638753,2.00520995892945,0.0347871914207138,367.275611571629,0.130174621846157,58.9449731450549,0.153013898159476,0.0814197608778147,0.102913824944526,0.0434493320605929,0.574242240123045,0.122796540245225,0.0226137388740479,0.0494844484010694,0.000859266711331367,882.727475844788,5.7751186064518,1245.46445655616,0.00560641125306294,51.1585026841993,3.58414559460783,0.0110724811961718,5097.85587017747,5152.61519734873
"20",291.867059245197,0.350071087408744,3.4810043270127,0.0187163765297182,0.86175845675548,1.99472139070985,0.0339674432520968,366.5038236812,0.139601290988857,58.7215770515358,0.153637779909458,0.0971757397278845,0.102694344686457,0.0367636296304287,0.551526844958383,0.129390626508602,0.0300110024659572,0.0557556701351994,0.000731450192918893,849.577355644996,5.16176191548459,1331.43055407942,0.00568122226292307,51.841153149173,3.80443909495322,0.0108903036038252,4385.31603862644,4440.97820239644
"21",291.682891373567,0.350293426021409,3.39172572075389,0.0192465637435238,0.853886913718999,2.07816689201236,0.0342375043857224,369.001474500752,0.127265799712251,58.9463664282237,0.153786060260542,0.0925090476948751,0.0967784163368084,0.0393591553497337,0.564317993937963,0.136260639049796,0.0318702377531388,0.0590319415410023,0.000895824329294895,845.874229334311,4.81395157276999,1323.03595558982,0.00557463736748141,50.8685659782679,3.8392182477317,0.0110078449634532,4071.99757666951,4126.72194337784
"22",284.935863268893,0.349820430762367,3.51004640480683,0.0194836786272814,0.852056396489043,2.12171797526203,0.0355679687779552,367.92611306338,0.140993942990976,58.9609276144632,0.153424913575389,0.0984815381184143,0.0993839588006589,0.0375046872862812,0.5240518744346,0.111332781949202,0.0253840281301167,0.0430219143324878,0.000609810540753733,825.993740700445,4.4401785255284,1279.15017507341,0.00561511338431624,51.2379096318857,3.39219148234415,0.0105876064028976,3667.55966967899,3722.20597351301
"23",286.449005115488,0.350827518468808,3.52999878853486,0.0189564136832524,0.861413818075049,2.11173642907604,0.0316286977971435,368.661314711631,0.138097831724812,58.8121811388172,0.153815091129101,0.0817338719149412,0.102500573773882,0.0380810267020232,0.563585987425926,0.105738544785397,0.0269648624728614,0.0486352398739576,0.000847303050399864,822.635866607655,5.77333727242376,1298.48658423044,0.00563537863205349,51.4228300174881,3.65210565561529,0.00979732823900328,4749.3543103186,4804.44467869857
"24",286.733769870054,0.351774583802621,3.32698500781072,0.0206096643797825,0.863546976863099,2.11627111516515,0.0312477210420272,366.888962969801,0.139218385723033,58.7169562465029,0.153246966878195,0.0921217798082073,0.101902676951333,0.0337023238676289,0.535738263082247,0.130922234322988,0.027431415577176,0.0543283932156674,0.000424568368206747,806.624834725842,5.75082822084483,1288.6231377426,0.00560664479941095,51.1606337946249,3.59920852801603,0.00963003928424711,4638.76086317566,4693.53594218239
"25",288.148322028015,0.349432173084852,3.55954661396924,0.0201636568115276,0.856282835616373,2.12838871383039,0.0333700322935484,365.871351727777,0.140394894102645,58.6609090938157,0.153259387989824,0.0849404716405192,0.102289874719905,0.0391740226610781,0.545174884414596,0.121690385295546,0.0269652677720864,0.0495056665350143,0.000622826028571744,821.90951195692,5.50754691110043,1247.13803641943,0.00570661553058458,52.0728667165843,3.64254110816944,0.0104654236990539,4526.7051937824,4582.43677364638
"26",289.142765834787,0.348746150098082,3.49173494035534,0.0196960153531544,0.852275899023431,2.04286265521889,0.0322363577734317,366.258673935008,0.132640987319033,58.8697464498112,0.15315928246671,0.0974458726929604,0.113566227025522,0.0267738547457428,0.54947908875765,0.120714327957762,0.0266767117638735,0.0518951712102037,0.00108805823994798,832.230018154751,4.86800183000134,1229.0295443731,0.00559288921678434,51.0351141031571,3.59689426457504,0.00997395288495574,4051.29725135938,4105.94482656921
"27",295.500693088216,0.348352994144836,3.4303671350439,0.0186842439343631,0.854663583237669,1.99997411150152,0.0339829954509492,366.886666015095,0.141569820312393,58.7329892952857,0.153542371329235,0.102448938542645,0.106583200819345,0.0369235005054916,0.574325269888632,0.121114956372877,0.0293890118705228,0.0491905664395027,0.000694133577713544,835.217499520797,4.40835627390444,1288.65681664884,0.00569990811563056,52.0116615551288,3.83294191167379,0.0111738553494709,3681.93630408728,3737.79778131755
"28",289.82210099461,0.349180284439728,3.6001957074136,0.0177914469502019,0.853938875527766,2.11364157811005,0.0349391357388219,369.106096664819,0.137251622367963,58.8860807600398,0.153467660808504,0.0911942442702634,0.107783202746198,0.0383414114337658,0.54837661686245,0.125103419615366,0.0253580762658722,0.0645146108881679,0.00123175199264992,870.224320988271,4.90127931121773,1368.16297883571,0.00567611378616087,51.794538298718,3.76324756066165,0.01103077073592,4265.21246057831,4320.78695332221
"29",288.41620636855,0.349392809612833,3.46859138474548,0.0204472110291067,0.849465142655364,2.07255636857521,0.0337831619760281,366.88430975887,0.136377238122528,58.8828352683491,0.153575854254454,0.0977181535045881,0.10227474993941,0.0312978840730733,0.558010614538987,0.119838660480781,0.0286235716779832,0.0584649124542188,0.000241668071233356,819.607341762352,4.61606221115625,1231.88056583436,0.00561562340955789,51.2425636122158,3.7537424925529,0.0105904317216325,3783.35847829542,3838.37099045532
"30",291.364501576868,0.349490931592009,3.25885312520789,0.0172967286408688,0.861320984594508,2.01641137056076,0.0342547419918706,364.430170821589,0.133024014580081,58.8952198943455,0.153342258710183,0.0962885506666994,0.112937011195347,0.0429087113015751,0.579442662275647,0.121432746541401,0.020430425401067,0.0492944169766689,0.000942152075473472,824.259996073929,5.11326771804171,1332.33351363968,0.00553661198250065,50.5215843403184,3.55292093653038,0.0109545301062783,4214.66202919801,4268.75302561694
"31",282.819469036577,0.350191224673219,3.54616386511192,0.020254934510906,0.855859162322608,2.1551785215884,0.0323022377843854,365.841543271626,0.135031590422211,58.6741344955697,0.154164610246461,0.0992890637998521,0.10111366222084,0.0468639910863498,0.555739372329195,0.128232148510014,0.0259742017809607,0.0516932754692363,0.000604745003334615,810.297575785816,5.27508723788939,1319.25542172188,0.00562147350947978,51.295945774003,3.69022525463559,0.0103266646191394,4274.39040092047,4329.39252008724
"32",287.955402734734,0.349176372189216,3.54650110954739,0.0182632323120855,0.856056630765048,2.13160451741225,0.032813105126559,365.194238569477,0.141740478155456,58.6025176548022,0.153125271698813,0.0900117767128425,0.105092672348918,0.0443653889678194,0.547390970437773,0.119476668235121,0.0192646817835089,0.0513967129193498,0.000497230703477107,832.695937244708,5.37420939926308,1267.80189772787,0.00570618364945654,52.0689258012909,3.52801138154087,0.0102823528346446,4475.08233266869,4530.695258388
"33",286.989942658219,0.351040914572491,3.39500053842492,0.0188166294452225,0.855689806693084,2.0192630534088,0.0342213135523749,367.48544989997,0.13201415548065,58.9120935494764,0.152358409759271,0.0883599920807061,0.098707029560017,0.0386186570884538,0.555716647751639,0.117836862260954,0.0218462071010079,0.061622209267604,0.000628957173521869,859.943323768745,4.95606003322798,1280.10182515604,0.00554662131538916,50.6129195029261,3.56135621932178,0.0104381804271666,4261.9307377715,4316.12099829549
"34",286.714817100014,0.351247228212745,3.5056451829739,0.0197165145600924,0.850160818505521,2.03691654922387,0.0347504887004988,365.84496546539,0.127199403557029,58.8487893556965,0.15342090812346,0.105984901306124,0.0984585810700948,0.0317854899804781,0.551305851710283,0.12438185456633,0.028309775864715,0.0501504395258228,0.00108905407701112,822.929891855713,5.00270473796004,1268.85608605946,0.00558257331107805,50.9409814635872,3.63554674863393,0.0108256087391403,4116.87526899552,4171.46820538979
"35",290.204284777553,0.349937523182409,3.4916348959171,0.0186325687930086,0.855648081462517,2.02288062832575,0.0345935372941495,367.628994419681,0.142034023811524,59.0660087771035,0.153225193777631,0.0982666625364907,0.124360644591911,0.0367776810215852,0.534880575698136,0.126719623543331,0.027938003201886,0.0432000034390441,0.00108897268652796,828.050877003444,4.53809550078081,1329.69994019028,0.00563107599123968,51.383568420062,3.51064332121843,0.0108771809864133,3757.77395934693,3812.68467934519
"36",284.767151424471,0.349726640132851,3.55762051072899,0.0194385735745641,0.852700852789071,2.1874497417562,0.0315414963719055,367.848175765678,0.135222071311918,58.9119465217959,0.152759328782046,0.0943404465295927,0.103586111278639,0.0353561611747371,0.551981476939428,0.119204624436069,0.0302255009733564,0.0540450198998763,0.00107839623840717,818.395990367625,5.13968416938961,1251.69405999187,0.00560654455734075,51.1597190857343,3.69858330398993,0.00984024874088797,4206.29691598442,4261.17066516744
"37",283.63457390438,0.349702635250513,3.15893285407694,0.019822399829924,0.852076665431014,2.11098997266483,0.035724660956612,367.927454937867,0.14146789776637,58.8384422164004,0.153409521320425,0.0937818340518413,0.0995234215269979,0.039471322900194,0.532299531291923,0.137821499457526,0.0285529513892276,0.0483906781460533,0.000446252622644494,805.579649302646,5.45070285271658,1286.97855395479,0.00549971848078513,50.1849311371643,3.48795218198241,0.0109280696803896,4390.97529254435,4444.66460365166
"38",285.835786791935,0.349665187495709,3.58591152007155,0.0200527334370338,0.857696478089676,2.14304701362112,0.0318846622903909,365.361593851824,0.131690402339055,58.9319519971222,0.153654979350584,0.0911268416771088,0.106992258979199,0.0348544342812455,0.54810322983832,0.137774125536973,0.0233385437829257,0.0582476993182198,0.000834084236711803,796.280740463393,4.95676471979288,1339.54491963373,0.00560178271319235,51.1162672578802,3.6058534259336,0.0100133077406715,3946.9762813795,4001.71401715377
"39",288.726186643823,0.351202538054191,3.49141530629091,0.0204263659806862,0.8521936950871,2.12337134124309,0.0337628240989212,367.573416539068,0.142937682824532,58.6356392683467,0.153569560071433,0.0884419249629896,0.0910245774296843,0.039381114294283,0.555848390463728,0.131390574832119,0.0263563444167854,0.0513592153572886,0.000527965887783509,835.346988888414,5.81498254996438,1327.25245357991,0.0057277374318753,52.2656040658621,3.72054092927013,0.0108259601049398,4857.52816355141,4913.53086224408
"40",286.844611627259,0.350043042303208,3.63317918402864,0.0207017211998034,0.858744336034264,2.12036494202236,0.0334351998197394,369.91629780967,0.137578116296399,58.9247848879244,0.153151592603893,0.101915149848434,0.111135264024604,0.0336742831311115,0.560889516015321,0.130118518792733,0.0211985653569281,0.0486478944797826,0.000674939908855173,865.069110841756,5.17459555799052,1328.93020832129,0.00566080744015271,51.6548678913935,3.55436984984794,0.0107246732657132,4476.38277831655,4531.6084015385
"41",282.974214356232,0.349769528234571,3.29712449442049,0.0184792569058846,0.855148952908905,2.04914219329929,0.0314924397398794,367.672542812542,0.129473948196336,58.8556450785708,0.153219547573334,0.0890242069250872,0.106422710883197,0.035406962188337,0.564953009473537,0.119823055618524,0.0247258799235978,0.0500947501225449,0.00119338789382262,818.030938448344,5.69755227099582,1313.29545921271,0.00544487300023183,49.6844661271155,3.50636465810092,0.00962324501948403,4660.7740311012,4713.97993000444
"42",286.748675065224,0.350292512434332,3.52574778035221,0.0178943388618159,0.855624242051306,2.07925557312043,0.0325038982428935,367.098037598412,0.136678075816187,58.7801093954184,0.153851015817463,0.0976309634293211,0.107331914579441,0.0403607896418315,0.567071849631863,0.134597255646531,0.0266890627624344,0.0468235824876889,0.000612775696783714,799.139125253818,5.31234613777563,1301.48937607216,0.00562730591265744,51.3491664529991,3.68309102757638,0.0105937438463369,4245.30364558752,4300.35212411785
"43",288.739725790836,0.350876871103439,3.64781349779008,0.0178343546650407,0.857528816647959,2.13803584950427,0.0341175118881866,368.604593427902,0.134206274624502,58.7022786504306,0.153805798282097,0.0923139995390077,0.105151339550415,0.0338768298643632,0.575869210926311,0.120430235936917,0.0253946387427055,0.0483875505833353,0.000686139917202664,886.358165493507,6.04455377580868,1393.56419296581,0.00571396248981238,52.139907719538,3.74493508986599,0.0110742983295886,5357.63959595263,5413.54122702285
"44",284.545102984601,0.34996516796289,3.46086619456913,0.0192265483994481,0.855015935303119,2.14243946569279,0.0332681441792053,368.93155838867,0.137341498623646,58.8428044982267,0.152479745973076,0.0801228748868466,0.0969078049375501,0.0343604373935882,0.550126958573489,0.137198858914161,0.0220349879171174,0.0583945314823546,0.000767343453562536,827.214445283,5.81994051216205,1348.81461051982,0.00558800858397913,50.9905783288096,3.53661454657336,0.0102849579327291,4814.33886234819,4868.88192819009
"45",291.277315618029,0.351298487835381,3.62501590798382,0.0186815133558929,0.852819047228134,2.12989985536987,0.0350091630083017,368.880787300833,0.138314031333327,58.8722192327905,0.153365558481229,0.0909640477415571,0.107187099437182,0.041475340326934,0.564513703517024,0.110912856360545,0.0327285963342924,0.0539833794279733,0.000974259036118711,869.253110018633,5.59426119584966,1414.27149609269,0.0057400792944545,52.3782235618973,3.90905596329497,0.0113465304599122,4862.82894274888,4919.13330888382
"46",292.006744289802,0.349345708026604,3.62300473654523,0.0195544081377692,0.857729232885411,2.05054046314306,0.0340677632118901,367.235694131874,0.135526166477282,58.9513478881861,0.152932354019832,0.0986881116579213,0.0993528441620944,0.0362751826969101,0.558366478274095,0.129462739793079,0.023717689535922,0.0450462900919776,0.000567083941666195,858.516406668892,4.7071837036756,1375.32650004745,0.00568174605866738,51.8459327853398,3.55626224992048,0.0108882949897848,4041.19443880994,4096.61320388625
"47",290.536884568404,0.350935569696687,3.4651664901538,0.0189059286818247,0.853549537711539,2.16923948265572,0.0333678514023494,368.246432023349,0.139814116445736,58.9610776745463,0.153287450882901,0.0847469443590815,0.106642113519206,0.0309115397457135,0.562055286723286,0.127862757246095,0.0235203331609167,0.0466628169636499,0.000541156537766148,840.946535803972,5.70550747087932,1404.63730881029,0.005669271019014,51.7320980485028,3.55653954871124,0.010581350460621,4798.02674263964,4853.33163085833
"48",290.559427474145,0.350562323534178,3.63811381276665,0.0206702904961016,0.853918233981862,2.0763903517209,0.0355331389775358,367.920183740664,0.140443319395894,58.9547085501498,0.15363091956239,0.1001045036076,0.0978442636613495,0.0379905039136363,0.566135207720255,0.124029976647145,0.02182757690797,0.0582367464701509,0.000407007948144565,870.356927597048,5.38187375306869,1300.98933069433,0.00572387771735552,52.2303841708691,3.72776063401871,0.011458376010755,4684.15110443605,4740.12643149467
"49",293.912132099567,0.350281866868878,3.4535301643236,0.020342744979859,0.847353194515196,2.16422264208746,0.0345168666305244,366.456749166279,0.135344578303019,58.789558519069,0.154067245943218,0.0861278855534019,0.107312231194998,0.0407108652242467,0.5396552342563,0.116672617860208,0.0237555381726823,0.0484827143883765,0.000849640503679239,861.121728611948,4.57397880937775,1270.64494147688,0.00571613148845502,52.1596998321521,3.56375989630644,0.0107236179400901,3938.75253896579,3994.49243844368
"50",294.668518481649,0.349805552267925,3.33382193917388,0.0200136633886113,0.856311011445433,2.05882514739052,0.0351250573483022,369.08504648369,0.132200816533746,58.8137278396487,0.153728394342876,0.0887260731288724,0.113537346146533,0.0339281581033872,0.543210525049956,0.130377194190513,0.0231371990237768,0.0528701976955716,0.000376047471737267,826.238560537013,5.10012156964388,1288.63265208619,0.00563018263942861,51.375416584786,3.54619195741784,0.0109602111658357,4213.91710426633,4268.85530320234
"51",287.002286028927,0.349436510279556,3.49306199205786,0.0192268096774583,0.854374659531272,2.0589080054075,0.0341030108777168,370.142900090691,0.137388611743581,58.8336483774656,0.1536596367063,0.0871072846777587,0.110381423039834,0.0338241501378384,0.553802348588578,0.125844525928218,0.0238213197386501,0.0485368644982969,0.000900223402131051,858.748632824897,5.54809478464404,1316.07283268478,0.00560803786762934,51.1733455421177,3.54082020807093,0.0106433667213331,4764.41881109601,4819.14922825079
"52",294.632479685077,0.349247883519308,3.45458675549113,0.0191203138144941,0.857459867371381,2.05814540737208,0.0327761204495897,368.224445533308,0.134397337933545,58.7598087860482,0.153149504440057,0.110851555799654,0.102108159417147,0.04068297241692,0.56716257943482,0.124111225470993,0.0276156738260292,0.0474802773497051,0.00062043634448257,830.845029567173,4.64969822895364,1302.33386941383,0.00567275562205173,51.763895051222,3.73654819282556,0.0107065857557874,3863.17866251342,3918.69548509885
"53",285.849301718411,0.349269777666215,3.62426492391773,0.0201626628966559,0.856750366634382,2.0375629785855,0.0340928533129257,368.84012348568,0.141207454219511,58.6156835165795,0.153479766457947,0.0820535332087388,0.0991712886410583,0.0330828861427386,0.555712997288692,0.134074731349045,0.0264595086157861,0.0497165212049622,0.00064057237457205,822.279835675254,5.59946086833521,1222.38270470471,0.00569062993757345,51.9269981803577,3.66755974167028,0.0108380652339078,4604.32376268469,4659.93484930189
"54",282.615605342494,0.350633638177154,3.59159126691689,0.0191402583801192,0.855957846554247,2.16462864002394,0.0323667091724563,366.689960470332,0.138420030135712,58.8217973980571,0.151853399426205,0.0937435131641252,0.10597308019454,0.0322204449849956,0.565549230014997,0.130193706102245,0.0195131271026648,0.0549175687524142,0.000380384170852552,835.627427714267,5.53402388356123,1309.66466562693,0.00562999761306303,51.3737282192002,3.54099276015717,0.010261582251208,4624.38214272959,4679.31275528881
"55",292.339623615347,0.350135575762653,3.55955063758717,0.0191011783846621,0.847708022616532,2.01961753377531,0.0309803226627707,368.130949279091,0.136518348814307,58.6084269383781,0.15222788599748,0.086822756222914,0.118761551152302,0.0360537632953299,0.55892409497217,0.114635611740307,0.0310252219230224,0.0440378989167292,0.000290512718782719,834.670348547105,4.5946454024045,1274.18851354714,0.00571798808121676,52.1766412411029,3.71301112178436,0.00995932120277832,3835.01427947532,3890.91960914749
"56",287.90987491192,0.349675761270601,3.57094761173877,0.0190865218221876,0.857819530254624,2.09852619062278,0.0342719734475763,367.700643369278,0.146859968027218,58.6131292963577,0.153265136903612,0.097754007589602,0.100632791437196,0.0302884266153129,0.542552330559053,0.12008661503063,0.0259601900538424,0.0577246773456422,0.000726018849428217,848.691800569658,4.68250780024217,1341.89109219929,0.00574067287405726,52.3836399757725,3.72757662957236,0.0107154642282931,3974.00597616899,4030.13364891144
"57",288.903546283309,0.350307162462773,3.54096456418967,0.0193029772030189,0.853022171270394,2.11526177701318,0.0330230303729552,364.557394844801,0.133840951269356,58.9858609078048,0.153129496401227,0.0922887572404706,0.103418466436471,0.0391840609659401,0.528458114792385,0.118538814251397,0.023854384534509,0.0494248687781798,0.000768857929444892,793.452167088933,5.54070376632238,1328.46026975575,0.00562977245638255,51.3716736644908,3.44478406899174,0.00998183034232775,4396.2834105863,4451.11547992258
"58",289.529854654314,0.349387220137699,3.44740335067099,0.0182764091471161,0.849087348639754,2.15446959179332,0.0324859023875426,368.443603160904,0.141382114692558,58.8047840722635,0.153024179287884,0.103251685080916,0.107825057868217,0.0320584172351375,0.559883305574785,0.121544037931924,0.0207670821573553,0.0545093357506592,0.000764264763033773,822.051240971696,5.83151038232794,1288.69076819955,0.00566126893460209,51.6590790282441,3.60253724260834,0.0102772771994896,4793.80034653202,4849.077901349
"59",292.984144748463,0.349194234380911,3.45289290239916,0.0212560342118727,0.85165129241694,2.07813913995244,0.0321142972086074,366.941416617866,0.131480896774516,58.9002969369707,0.153635308755955,0.10005239346121,0.0936647018011258,0.0366081960913967,0.545083941586658,0.130054385510658,0.0253877624155951,0.0462219351199025,0.000408723293313605,890.998648114615,5.5601223520305,1258.38972922687,0.00562979795686633,51.3719063564053,3.53422439048457,0.0100244159286702,4954.06149901103,5008.98328397181
"60",286.68610625001,0.34918998479505,3.75789837926652,0.021325016038334,0.853013710461593,1.99725442741174,0.0342910155856199,368.555496724537,0.135740200722789,59.0556141253778,0.152794592071882,0.085927545384272,0.116370227959601,0.0356135857025063,0.550995459970106,0.12330783450611,0.0306653185530835,0.0488601775685794,0.000310514543062347,851.394808275953,4.76832829487608,1230.28317511319,0.00564535535662054,51.5138676291624,3.65401809558026,0.010848740631982,4059.72995441283,4114.91433423356
"61",289.386156292292,0.348796268172458,3.49557516816695,0.0196399015741697,0.855523503824897,2.0626497913076,0.0334193888274019,367.232609852806,0.130975929655078,58.8123748252569,0.153429988465156,0.0943537067619657,0.109811133835591,0.0345906370872932,0.541253576259695,0.127193952834441,0.0291101272198693,0.0508682813464612,0.00122393547501743,858.050811643259,5.03433738361214,1344.35869029122,0.00560347723002645,51.1317297239913,3.63018199332106,0.0104094431076096,4319.7172780944,4374.49520273205
"62",291.370111705844,0.349279352403986,3.30172399066913,0.0192574765413717,0.856657610925569,2.09763227100111,0.0323973673341699,368.332653392023,0.145319786514424,58.7994956423385,0.153780064732619,0.096251243259399,0.104485079776037,0.0409660593743749,0.564918036691383,0.110808607585001,0.0232271051781045,0.0500034490532056,0.000681022651941707,840.483340744678,5.88241961230515,1323.34835930325,0.00563977471166713,51.4629442439625,3.62672723335387,0.0102096297496749,4944.07568741225,4999.18120829402
"63",289.0579312848,0.350013880231875,3.52840917180412,0.0203866107120438,0.851934077359549,1.99137276213632,0.0321726044153994,367.934501315866,0.138711211873025,58.9786281786182,0.153426411533581,0.101416832218536,0.111911821354512,0.0390223113770788,0.56112861082417,0.11809300176341,0.0269268851570445,0.0494169619815582,0.000754203980560031,856.992923974467,4.89768425336611,1251.04056629328,0.00562096454926809,51.2913015120713,3.65880245808837,0.010248896513533,4197.28074899593,4252.24672282715
"64",284.593096484357,0.351562711236389,3.37693138429342,0.0185475346997348,0.859040187037395,2.02647086592599,0.0356458498558941,366.80957887348,0.142036382478034,58.8798121005717,0.153599248809233,0.0869320466989001,0.108530114298048,0.0303607707576832,0.556760863846621,0.119935407970233,0.0240957859434332,0.0449271094863677,0.000597748875101716,819.899819784381,4.89594946489882,1284.86884587854,0.0055777839552275,50.8972785914509,3.4853203593735,0.01098387432191,4014.18808394398,4068.58724455308
"65",286.500452595271,0.349349208859755,3.43410901183735,0.018477862512628,0.858301425616361,2.01517786408693,0.0336670676626923,364.316934488449,0.137687186930982,58.8294346652012,0.153688324287396,0.097627886703789,0.118385111164136,0.0353427070118049,0.562373390483234,0.119579099034419,0.0218373139676318,0.0480275644861775,0.00064608794793746,817.334946366337,4.072298102011,1254.10847719037,0.00557555730840677,50.8769604392118,3.52725635140725,0.0105861270422007,3328.43155079489,3382.85192926986
"66",291.004572568662,0.349754381122752,3.64952824590743,0.0182291160706794,0.855903378691782,2.03720692796774,0.0338937956904789,366.166987139203,0.138088634390226,58.6724597283959,0.153007717067557,0.0869388942962642,0.111576832355425,0.0348902105569275,0.535413014273361,0.126547695787738,0.0235808902284561,0.0501247017587157,0.000829140678402361,832.619314880785,5.04233969415762,1237.61764164027,0.00573568648161359,52.338139144724,3.55568672972694,0.0105984726692381,4198.34942154571,4254.25958157931
"67",288.40108395741,0.349629249141603,3.7124555897539,0.0186909167655314,0.856134329906204,2.03950773997719,0.0327880154835181,366.781054273045,0.136334249915124,58.9227068144172,0.15229375097392,0.0861423326526329,0.117168009806802,0.0425938969540893,0.552003661693197,0.132965119061086,0.030285514453957,0.0531184349312843,0.000390418640241517,824.160326202954,4.83238700170479,1307.529775581,0.00567359238992731,51.7715305580867,3.72784673890834,0.0106319666831775,3982.66164766393,4038.17733052
"68",291.568348020532,0.349261257641147,3.62916827358778,0.0202673500509444,0.860043928425038,2.0687427535353,0.034297362603933,366.571444354804,0.13300713850873,58.8491908802772,0.153453315143736,0.0934010029970186,0.0967154720728366,0.0394922362738129,0.538763300435535,0.113762906015593,0.0262566112639735,0.0529110449266844,0.000257979205027283,874.415616271152,4.94702009407719,1316.02598789337,0.00568850466990673,51.9076051128989,3.6173947619364,0.0105397916169188,4325.75162426828,4381.2928524394
"69",287.654640920301,0.350494503061528,3.51490148989776,0.0181984234791945,0.850552175649809,2.04451791060251,0.0332278627593333,365.506871733662,0.132561272325429,58.7229483112062,0.152530120316106,0.0995854606209273,0.115506035992806,0.0359821429866695,0.55863247145838,0.131923981807694,0.0265364232790522,0.056403967958464,0.000789508936605688,877.262135877801,5.05592272816325,1267.59852993947,0.00562592689970193,51.3365829597801,3.71590847137013,0.0107119765129263,4435.36957134161,4490.43840067617
"70",290.089854553767,0.350736245483479,3.41409022463864,0.0198649263429484,0.858173412616089,1.98987663860755,0.0335210005012652,370.943087742437,0.148480326643311,58.9310189027898,0.152629793153912,0.087288949112516,0.104937358716272,0.0306192164403155,0.567633816152965,0.106403393375324,0.0206953147714721,0.0485106228863885,0.00105801955621008,797.109588403197,5.49839683671801,1280.7655541813,0.00565415309453337,51.594146987617,3.51516317659573,0.0103637487293294,4382.82483939373,4437.95016745977
"71",294.98574068474,0.350530166239636,3.54097798338137,0.0196119005273464,0.850156304300631,2.08282041707641,0.0330731390066784,365.979148070607,0.132199786758922,58.8569659652761,0.153256662510507,0.108692336815534,0.114323659820727,0.0328719254180431,0.542869190900066,0.129274678535117,0.0220828185687952,0.0440537165072863,0.000720035298338174,853.124366073362,5.37454108127091,1301.79283755608,0.00570845227512269,52.0896270104945,3.49962314573585,0.0105372931509985,4585.15195289448,4640.75744879614
"72",287.122134129204,0.349478316706955,3.56018562390466,0.0190215658240656,0.849363205578448,2.16521067012378,0.0341662977729126,367.177856717874,0.141585189454075,59.0243531157003,0.153029906559987,0.0929452628369431,0.117196797490583,0.0374219154712985,0.553692469458174,0.124963087353582,0.0270317952103761,0.0468697302165166,0.000859814020072867,874.73666794522,5.37442522980022,1256.8790620792,0.00565173642776804,51.5720949033834,3.6035719099688,0.0109033041389476,4701.20681763616,4756.39903949008
"73",288.383592929529,0.349250885044398,3.5204442136831,0.0190087804844621,0.853699539020664,2.15536712181555,0.0319795402944333,368.373413258177,0.138477233850375,58.7917386499694,0.15298860691022,0.090316459442919,0.102305328317875,0.0277760846675794,0.54510367446358,0.115214499577187,0.0244853259822166,0.0521458270611389,0.000795988902838521,831.592487137085,6.18553636231676,1308.13878129533,0.00565768146945888,51.6263434088123,3.55978449935895,0.00974968042605223,5143.84556781587,5199.04710308594
"74",288.966953211456,0.351044670421555,3.58151931074244,0.0191948924974332,0.857362178789406,2.23612645595992,0.034703525698622,366.956728084139,0.1347267659902,58.8660473370213,0.152546037371544,0.088697989944412,0.110274521677131,0.0304284360694996,0.559678680696522,0.115326186917081,0.0278542536942326,0.0546827491279914,0.000447180045405973,820.935206448222,5.53128704366098,1323.6623798998,0.00570185861218381,52.0294598361773,3.72824720032787,0.0109809294224735,4540.8282711122,4596.60266093674
"75",293.747493122703,0.350075952179932,3.40512996880377,0.0184473209125845,0.854930844049325,2.09047947622347,0.0324068075697958,368.498290780001,0.133215764116485,58.7391786300479,0.153558803174119,0.0929788026550953,0.108986095517062,0.0406257262142968,0.543204510935551,0.132135555762441,0.0242461604512171,0.0511942115028211,0.000507057893534286,794.450056886103,5.71493954214717,1284.75843189697,0.00565598917979341,51.6109012656149,3.58668716021606,0.0102544477518059,4540.23404435945,4595.44754322222
"76",288.908585715834,0.3496342394882,3.70038902155396,0.0180846788323973,0.858750195025892,2.03626544213505,0.0333407058855324,367.031912013944,0.139855773334467,58.9614449218234,0.152980506595006,0.0916618685853736,0.111511214375153,0.0416468634928311,0.546765985224987,0.125360828448713,0.0278869898802246,0.0562208281728909,0.00080217591114449,808.642372689369,5.11862390738845,1334.94086936195,0.00568414250255597,51.8678003358232,3.71409997672344,0.0106201229817706,4139.13618137513,4194.73438595316
"77",287.503965584953,0.349760515223325,3.54306899803852,0.0187792207223163,0.850956842762179,2.0745222874262,0.0340600812047677,368.16221468813,0.136393537721127,58.7987002538462,0.153209068696471,0.094301881135625,0.100133307684868,0.035680611027332,0.554254803776687,0.125589113704459,0.0269894759262209,0.0548386595472742,0.000685223766669632,820.011660718714,6.22915977508335,1261.59164334762,0.0056408230557567,51.4725103837799,3.69082363214645,0.0107313828532611,5107.98365204831,5163.16335827014
"78",287.027150995684,0.350763911577347,3.43846862598436,0.019286484916979,0.85791790309131,2.13423229071803,0.0353089994707727,366.760254800226,0.145465857196041,58.8342356720302,0.152956447321504,0.0924247174101757,0.10357925963477,0.0318684538086283,0.543519885946989,0.115407302821628,0.0194728611345704,0.0498976047966206,0.000201231250297185,845.629629046079,4.69038084264943,1381.70863082355,0.00566683695485241,51.7098872130282,3.43373920529069,0.0107585614692927,3966.32501205448,4021.48506387122
"79",297.27605552043,0.349127585021946,3.51631771739686,0.0202640667906256,0.853490139082186,2.09326172571742,0.0334384621992596,366.751686165371,0.137451500799323,58.8528066657912,0.153730673484106,0.0974489814299904,0.0978037959032289,0.0436015288769878,0.558609259587459,0.123311717965434,0.0252781204944203,0.0464293604487965,0.000629001898591101,848.279807934237,5.75266654241357,1283.41483669093,0.0057413584695383,52.389896034537,3.67422453615595,0.0108128477794573,4879.8708697083,4935.95154448524
"80",295.694881389314,0.349984996911054,3.41356615380501,0.0207954690454891,0.861641343351023,2.12697138853712,0.0331591970902157,367.901027112346,0.12743226020959,58.9738111224656,0.153543995229041,0.085146017126156,0.103652383946142,0.030320046218207,0.558737146063515,0.120586676799056,0.0289762105270073,0.051786778822789,0.00123659762640696,801.664339220506,5.21416140369292,1271.0288863125,0.00562961127866052,51.3702029177773,3.68754234863844,0.0103690761605994,4180.00725628055,4235.0810002344
"81",286.181522365953,0.349805222442882,3.66613047157481,0.0199683204660624,0.85081243450776,2.05843400779591,0.0348884601858656,365.478496508359,0.139531216650955,58.8202294460126,0.153231409511677,0.0911256438637799,0.102958692541569,0.0362342934278175,0.565081758635208,0.118610166777033,0.0268776399469065,0.0531660503562176,0.000319364974379906,840.881809854353,4.91281850514705,1319.87723087308,0.00568754976843546,51.8988916369736,3.73524948351653,0.0111309555338496,4131.09971609401,4186.7506757198
"82",296.283981678444,0.350092147303395,3.53482506069227,0.0181020579261569,0.859186315632956,1.99642830801278,0.0357383064924537,369.555469081045,0.138390952575922,58.8231398574038,0.152760131192235,0.0958111611262193,0.105341432051789,0.0361801007814241,0.530026297813143,0.119614474376661,0.0240522238990857,0.0549957135733909,0.000295376617888209,831.9027188807,6.04924543151467,1269.83835695213,0.00573002904983272,52.2865150797235,3.57583595184447,0.0110386891703822,5032.38372165371,5088.2628414035
"83",285.947263607242,0.349875014702681,3.46656360031882,0.0199070461938806,0.856733950659996,2.08894356847277,0.0337045139282781,367.596998676512,0.141703912368316,58.8867454177195,0.153150594174584,0.0888160832668613,0.109305466528446,0.0369028273644496,0.559746134006059,0.133768298630897,0.0302289869651988,0.046596163566085,0.000723898540350575,823.49961737086,4.94136007289808,1312.62061822991,0.00561377014821337,51.225652602447,3.67165292067246,0.0108352890386852,4069.20812932321,4124.12188390552
"84",287.045182383749,0.349739147045337,3.51975995347291,0.0193089274794769,0.854334976164735,2.05303811050274,0.0336119510577746,367.315802107457,0.146035292242493,59.0139553415937,0.153610257185217,0.0928216535336282,0.10471782498041,0.0371974657551258,0.572300105154738,0.122372461156628,0.0284317578814383,0.055995442984416,0.000440723559101968,861.747126325835,5.44348671552216,1303.01677001786,0.00563636257488324,51.4318084958095,3.79268254991226,0.0108291361812048,4690.90903429408,4746.14999083856
"85",288.917864769666,0.349750562090179,3.65070273263455,0.0198896669096689,0.855366786669536,1.95926287440531,0.0327274892889536,367.645251365876,0.138692216753156,58.9686588023677,0.153308106291902,0.0876531427398229,0.101532236332873,0.0330311451756714,0.555976298328316,0.109802787718521,0.024762312578874,0.05220559146461,0.00096255281120583,842.258132452152,5.38551357867489,1270.80518031738,0.00565061353860627,51.5618485397822,3.6018555700452,0.0100611955963119,4535.99260907042,4591.17202498938
"86",295.627441646031,0.350090572304402,3.70796008491751,0.0198157069273538,0.857701176819546,2.11701262683461,0.0336940927195209,365.428721678231,0.136657806962727,58.7161412587315,0.152835336911445,0.0827166539318833,0.11156201636818,0.0339497767023583,0.557592487219254,0.113829614549451,0.0249676421868286,0.0534144690018012,0.000826781230255031,840.644998506634,5.24903643103594,1334.82927614934,0.00582085543935876,53.1153058841487,3.7431248675309,0.0107949757850679,4412.57622272948,4469.45126931238
"87",288.425006534798,0.349902946767038,3.47162433951235,0.0189454196922767,0.853883859881369,1.98842057921878,0.0344922510119431,367.162210539874,0.139434177743373,58.6653098508847,0.153274819690929,0.0826876207572008,0.113345532956936,0.0406691022152705,0.549519801920255,0.123061298044041,0.0271481971557754,0.0497935554143431,0.000844484855280833,817.654364736437,5.54935155815488,1321.75796093447,0.00564946826303241,51.5513979001707,3.63805551947911,0.010872610945533,4537.45152298229,4592.65749848114
"88",285.252396443849,0.349479602696776,3.5124017454405,0.0199296083181939,0.84791978164629,2.0679094485384,0.0327815348704066,368.447983511449,0.138873680966878,58.8143755007662,0.153566695313894,0.0905396579376107,0.0979089741901792,0.0352424141225434,0.559086982464958,0.122194594345181,0.0244471577083555,0.0543641236296592,0.000725395476784714,797.626292638331,5.50005145707741,1358.69358730256,0.0056106500312171,51.197181534856,3.63267635248706,0.0102130299656978,4386.98565302871,4441.83133459605
"89",285.206566178144,0.349698595053236,3.6014517593505,0.0215037455813302,0.853593951817546,2.11452577991998,0.033889430275238,367.745055474348,0.140048537549335,58.8714704087505,0.153107486259846,0.0982512162196873,0.107141381606706,0.0362711231601728,0.565280022624531,0.114117308910333,0.0241729548364167,0.0514457942309017,0.000759108978838327,813.397343960759,5.63829882984806,1287.58569273906,0.00565683794189176,51.6186462197623,3.65122817352495,0.0107378042128948,4586.17729265547,4641.46356169091
"90",285.227558126341,0.348993230905197,3.63010699264726,0.0190408631839292,0.855480088776294,2.03128854377277,0.0332117128251131,368.350266739377,0.137223523851528,58.947724389012,0.153888828724804,0.0886620586368161,0.110097936638741,0.0312822084085317,0.546444865997304,0.132066297108649,0.0258196681581675,0.0498619069524421,0.000561676997837921,846.473053393246,4.98037875598871,1337.75483227034,0.00560224497653218,51.1204854108561,3.55568315442478,0.0103437502516717,4215.75641263662,4270.44852719713
"91",285.877974901156,0.350127755957705,3.24589742992182,0.0196832714762195,0.850080602985271,2.15316375076617,0.0331892787608106,368.020293676469,0.130515381462462,58.8587087018417,0.152352454792663,0.105414989795389,0.0950297771501517,0.0326783548268934,0.555572820518915,0.125549599784484,0.0273921746957439,0.0561188764943938,0.000499930250029512,807.927672463395,4.86855369493203,1352.78753500309,0.00550197369227113,50.2055099419741,3.60854412305045,0.0102385810510287,3933.43925500949,3987.26904962926
"92",285.950182001808,0.350878812186554,3.50784994943078,0.0191787884554399,0.84991413576342,2.08553947085654,0.0337803444482107,369.849493621984,0.135031638932279,58.691145271408,0.152611950405285,0.0984576475251813,0.112864252086572,0.0363072643936392,0.56794949160756,0.120489588060955,0.0304737876672716,0.0471556929247739,0.0011063859352556,818.155443508679,6.37568142154854,1272.47135103379,0.00563448076306658,51.4146369629825,3.74494144027794,0.01091653856735,5216.29846111709,5271.47459053968
"93",289.501996508781,0.349719706433015,3.46794739779331,0.0183887649270024,0.854105767477634,2.09477231547635,0.0330594860472022,367.580194075672,0.133740546662533,58.9992429550221,0.153004806777987,0.0979933835047734,0.109141778172905,0.0262079089156183,0.573811195869907,0.123521892127242,0.0244940314922425,0.038280977628871,0.000543526878905732,849.58953326741,5.58592681390893,1341.35530605118,0.00559097672165847,51.0176625851335,3.49255955178807,0.0104931126787796,4745.7449546948,4800.27126092112
"94",292.917458935187,0.349471774338037,3.55841869413658,0.017432898170517,0.85549027450916,2.10366698732818,0.0344513649474647,366.666138901161,0.14138409205882,58.7972324191401,0.153859963522122,0.0864137406713857,0.11811822126988,0.0361262476876577,0.551511214942169,0.11201960511985,0.0208104433636928,0.0493897536527003,0.00020434176439443,818.85928431578,5.59800076012421,1310.27042975946,0.0057330388602671,52.3139795999373,3.55615605843545,0.010808587623167,4583.97489603451,4639.86157331936
"95",289.992629052837,0.349988437421838,3.5873758758994,0.0188135041210682,0.849840857762361,1.95983837647853,0.034067837583628,366.479276932788,0.142854011029413,58.8278495219079,0.152757786885081,0.0904488340099501,0.112819390563704,0.0332917886666643,0.537031446420685,0.129556614186394,0.0203050994029585,0.0599634467906864,0.00044073613156548,842.677779459854,5.02157785909089,1213.38665522569,0.00569386052477108,51.9564772885361,3.55339692928428,0.0106024346441943,4231.57207968348,4287.09825019647
"96",288.880851843895,0.349572624049992,3.53741935492811,0.0175217027553744,0.850876884586486,2.07079457640281,0.0351857698585449,366.710594684695,0.13688753250105,58.661181001493,0.153102217416334,0.0983724001064308,0.111739819013124,0.0353124078244712,0.545571759041389,0.121691275005401,0.0212485928351593,0.0523560245746044,0.000620229802089617,806.620341088626,5.74610716834056,1326.11709465903,0.00567800313486159,51.811778605612,3.55347944582719,0.0110128149197785,4634.92692405867,4690.30887292816
"97",292.000194807867,0.349510018202951,3.45963906455392,0.0208738291520801,0.863064533015831,2.08934580871009,0.0335571147449186,367.808228274081,0.147233047891203,58.6755204011902,0.153040060503833,0.0993722727661325,0.107841491902491,0.0432607198761053,0.555078647838014,0.124289187188998,0.0254023427851667,0.0393005006208489,0.000764771064882054,857.212030606975,4.56783865480231,1284.89877463856,0.00573898949990062,52.3682791865931,3.59400380106778,0.0109002721172281,3915.60624876812,3971.5851710174
"98",285.892884219456,0.350183850947211,3.46811653324733,0.0178921056014413,0.852457882402301,2.09255178220142,0.034475079248237,366.477273231395,0.133175931693404,58.6440555648798,0.153904328070197,0.100419441801175,0.0978936560854799,0.0317377470975033,0.547479604556983,0.121972471518801,0.0294915860375148,0.0464849988168175,0.000923978932480974,805.490983039558,5.3565912005257,1391.37775923144,0.00561298615984791,51.2184987086122,3.64271293109462,0.0106984824558552,4314.68591185249,4369.56343496081
"99",291.562768811616,0.347932280494098,3.47138032418146,0.0184021224257751,0.857078858182311,2.01014785458643,0.0327311160789732,367.541550264829,0.1302835328159,58.9583784393005,0.152914320641535,0.0863755509816599,0.0997985867859211,0.0347286911382813,0.54597559791471,0.120829965602305,0.0200370529374334,0.047628421748341,0.000533796276994493,819.897801662578,5.23905819223459,1236.30823026571,0.00556524752098767,50.7828836290125,3.35976463466733,0.00986234056680288,4295.49229459546,4349.65037044723
"100",295.912598923273,0.349321518086048,3.38938468465359,0.0206479642269722,0.851923112243963,2.1130265814576,0.0337762030239494,366.695610222578,0.136080000665729,58.778602270357,0.153292620536648,0.101905662019877,0.104080250349573,0.0408363307581443,0.556359749163646,0.125079059966663,0.022357100444015,0.0541628394591084,0.000697995799580496,857.675875475947,5.37672496720141,1300.44778123004,0.00569705012450511,51.9855823861091,3.65914932517679,0.0108387672531319,4611.48729343785,4667.14856096651
